<?xml version="1.0" encoding="UTF-8"?>
<project-private xmlns="http://www.netbeans.org/ns/project-private/1">
    <editor-bookmarks xmlns="http://www.netbeans.org/ns/editor-bookmarks/2" lastBookmarkId="0"/>
    <open-files xmlns="http://www.netbeans.org/ns/projectui-open-files/2">
        <group>
            <file>file:/C:/Users/BHARTI%20BHATIA/Documents/NetBeansProjects/college/src/college/ExamSystem.java</file>
            <file>file:/C:/Users/BHARTI%20BHATIA/Documents/NetBeansProjects/college/src/college/studentsignup.java</file>
            <file>file:/C:/Users/BHARTI%20BHATIA/Documents/NetBeansProjects/college/src/college/delete.java</file>
            <file>file:/C:/Users/BHARTI%20BHATIA/Documents/NetBeansProjects/college/src/college/createpaper.java</file>
            <file>file:/C:/Users/BHARTI%20BHATIA/Documents/NetBeansProjects/college/src/college/studentlogin.java</file>
            <file>file:/C:/Users/BHARTI%20BHATIA/Documents/NetBeansProjects/college/src/college/adminpage.java</file>
            <file>file:/C:/Users/BHARTI%20BHATIA/Documents/NetBeansProjects/college/src/college/studentExam.java</file>
            <file>file:/C:/Users/BHARTI%20BHATIA/Documents/NetBeansProjects/college/src/college/adminlogin.java</file>
            <file>file:/C:/Users/BHARTI%20BHATIA/Documents/NetBeansProjects/college/src/college/postexam.java</file>
            <file>file:/C:/Users/BHARTI%20BHATIA/Documents/NetBeansProjects/college/src/college/College.java</file>
            <file>file:/C:/Users/BHARTI%20BHATIA/Documents/NetBeansProjects/college/src/college/update.java</file>
        </group>
    </open-files>
</project-private>
